Scope,,Code Smell,Documents,ID,#,Is detected?,clj-kondo,eastwood,kibit,clj-holmes,joker,arit-clj
Traditional,,Duplicated Code,https://itsrainingmani.dev/blog/smelly-code/,D3,1,NO,NO,NO,NO,NO,NO,NO
,,Long Method,https://www.reddit.com/r/Clojure/comments/gf9vl0/functional_programming_antipatterns/?rdt=57161,D1,1,NO,NO,NO,NO,NO,NO,YES
,,Large Class,,,0,NO,,,,,,
,,Long Parameter List,"https://www.reddit.com/r/Clojure/comments/gf9vl0/functional_programming_antipatterns/?rdt=57161 
https://bsless.github.io/code-smells/","D1, D2",2,NO,NO,NO,NO,NO,NO,YES
,,Divergent Change,"https://bsless.github.io/code-smells/
https://codesai.com/posts/2016/10/refactoring-tests-using-builder-functions-in-clojure-clojurescript","D2, D16",2,NO,NO,NO,NO,NO,NO,YES
,,Shotgun Surgery,"https://bsless.github.io/code-smells/
https://codesai.com/posts/2016/10/refactoring-tests-using-builder-functions-in-clojure-clojurescript","D2, D16",2,NO,NO,NO,NO,NO,NO,NO
,,Feature Envy,,,0,NO,,,,,,
,,Data Clumps,https://bsless.github.io/code-smells/,D2,1,NO,,,,,,
,,Primitive Obsession,https://bsless.github.io/code-smells/,D2,1,NO,NO,NO,NO,NO,NO,YES
,,Switch Statements,,,0,NO,,,,,,
,,Parallel Inheritance Hierarchies,,,0,NO,,,,,,
,,Lazy Class,,,0,NO,,,,,,
,,Speculative Generality,,,0,NO,,,,,,
,,Temporary Field,,,0,NO,,,,,,
,,Message Chains,https://gist.github.com/tgk/5844091,D7,1,NO,NO,NO,NO,NO,NO,YES
,,Middle Man,https://bsless.github.io/code-smells/,D2,1,NO,NO,NO,NO,NO,NO,YES
,,Inappropriate Intimacy,"https://bsless.github.io/code-smells/
https://groups.google.com/g/clojure/c/1PYQIItNxg8","D2, D12",2,NO,NO,NO,NO,NO,NO,YES
,,Alternative Classes with Different Interfaces,,,0,NO,,NO,NO,NO,NO,
,,Incomplete Library Class,,,0,NO,,NO,NO,NO,NO,
,,Data Class,,,0,NO,,NO,NO,NO,NO,
,,Refused Bequest,,,0,NO,,NO,NO,NO,NO,
,,Comments,https://pragtob.wordpress.com/2017/11/14/are-comments-a-code-smell-yes-no-it-depends/,D10,1,NO,NO,NO,NO,NO,NO,YES
,,Mixed Paradigms,,"D1, D14, D15",3,NO,NO,NO,NO,NO,NO,NO
,,Library Locker,https://thomascothran.tech/2023/08/library-locker/,D8,1,NO,NO,NO,NO,NO,NO,NO
Functional,Functional related,Overabstracted Composition,https://www.reddit.com/r/Clojure/comments/gf9vl0/functional_programming_antipatterns/?rdt=57161,D1,1,NO,NO,NO,NO,NO,NO,
,,Overuse of High-order Functions,https://www.reddit.com/r/Clojure/comments/gf9vl0/functional_programming_antipatterns/?rdt=57161,D1,1,NO,NO,NO,NO,NO,NO,YES
,,Trivial Lambda,"https://www.reddit.com/r/Clojure/comments/gf9vl0/functional_programming_antipatterns/?rdt=57161
https://bsless.github.io/code-smells/","D1, D2",2,YES,NO,NO,YES,NO,NO,YES
,,Deeply-nested call stacks,https://www.reddit.com/r/Clojure/comments/gf9vl0/functional_programming_antipatterns/?rdt=57161,D1,1,NO,NO,NO,NO,NO,NO,YES
,,Inappropriate Collection,https://bsless.github.io/code-smells/,D2,1,NO,NO,NO,NO,NO,NO,YES
,,Premature Optimization,https://grishaev.me/en/clojure-with-retry/,D4,1,NO,NO,NO,NO,NO,NO,YES
,,Lazy Side Effects,https://dawranliou.com/blog/default-transducers/,D13,1,NO,NO,NO,NO,NO,NO,YES
,,External Data Coupling,https://clojuredesign.club/episode/108-testify/,D15,1,NO,NO,NO,NO,NO,NO,YES
,,Inefficient Filtering,https://groups.google.com/g/clojure/c/D-_C_Q_9NuA/m/7NJwOnisgtQJ,D11,1,NO,NO,NO,NO,NO,NO,YES
,,Hidden Side Effects,https://www.reddit.com/r/Clojure/comments/gf9vl0/functional_programming_antipatterns/?rdt=57161,D1,1,NO,NO,NO,NO,NO,NO,NO
,,Explicit Recursion,https://www.reddit.com/r/Clojure/comments/gf9vl0/functional_programming_antipatterns/?rdt=57161,D1,1,NO,NO,NO,NO,NO,NO,NO
,,Reinventing the Wheel,#N/A,"D2, D3",2,YES,NO,NO,YES,NO,NO,NO
,,Positional Return Values,https://bsless.github.io/code-smells/,D2,1,NO,NO,NO,NO,NO,NO,YES
,Clojure specific,Unnecessary macros,"https://grishaev.me/en/clojure-with-retry/
https://news.ycombinator.com/item?id=34052268","D4, D9",2,NO,NO,NO,NO,NO,NO,NO
,,Underutilizing Clojure features,"https://www.reddit.com/r/Clojure/comments/gf9vl0/functional_programming_antipatterns/?rdt=57161
https://bsless.github.io/code-smells/
https://itsrainingmani.dev/blog/smelly-code/
","D1, D2, D3, D6",4,YES,NO,NO,YES,NO,NO,YES
,,Immutablity Violation,https://softwareengineering.stackexchange.com/questions/219780/how-to-refactor-a-java-singleton-to-clojure,D14,1,YES,YES,YES,NO,NO,YES,YES
,,Namespaced Keys Neglect,https://www.reddit.com/r/Clojure/comments/gf9vl0/functional_programming_antipatterns/?rdt=57161,D1,1,NO,NO,NO,NO,NO,NO,NO
,,Improper Emptiness Check,https://bsless.github.io/code-smells/,D2,1,YES,YES,NO,YES,NO,NO,YES
,,Accessing non-existent Map fields,https://bsless.github.io/code-smells/,D2,1,NO,NO,NO,NO,NO,NO,NO
,,Unnecessary `into`,https://bsless.github.io/code-smells/,D2,1,YES,NO,NO,YES,NO,NO,NO
,,Conditional Build-Up,https://bsless.github.io/code-smells/,D2,1,NO,NO,NO,NO,NO,NO,NO
,,Verbose Checks,https://bsless.github.io/code-smells/,D2,1,YES,NO,NO,YES,NO,NO,NO
,,Production `doall`,https://bsless.github.io/code-smells/,D2,1,NO,NO,NO,NO,NO,NO,NO
,,Redundant `do` block,https://bsless.github.io/code-smells/,D2,1,YES,YES,NO,YES,NO,NO,YES
,,Thread Ignorance,https://bsless.github.io/code-smells/,D2,1,NO,NO,NO,NO,NO,NO,NO
,,Nested Forms,https://bsless.github.io/code-smells/,D2,1,NO,NO,NO,NO,NO,NO,NO
,,Direct Use of `clojure.lang.RT`,https://ask.clojure.org/index.php/10303/interop-clojure-pattern-clojure-consider-adding-iter-clojure,D6,1,NO,NO,NO,NO,NO,NO,NO